Target,DAFL
plistutil-base64-66,N.A.(0/1)
plistutil-base64-67,N.A.(0/1)
plistutil-bplist-1124,N.A.(0/1)
plistutil-bplist-1350,N.A.(0/1)
plistutil-bytearray-29,N.A.(0/1)
plistutil-bytearray-60,N.A.(0/1)
plistutil-bytearray-61,N.A.(0/1)
plistutil-bytearray-62,N.A.(0/1)
plistutil-bytearray-75,N.A.(0/1)
plistutil-bytearray-82,N.A.(0/1)
plistutil-jplist-188,N.A.(0/1)
plistutil-jplist-337,N.A.(0/1)
plistutil-jplist-346,N.A.(0/1)
plistutil-jplist-444,N.A.(0/1)
plistutil-oplist-205,N.A.(0/1)
plistutil-oplist-215,N.A.(0/1)
plistutil-oplist-383,N.A.(0/1)
plistutil-oplist-390,N.A.(0/1)
plistutil-oplist-483,N.A.(0/1)
plistutil-oplist-809,N.A.(0/1)
plistutil-out-default-332,N.A.(0/1)
plistutil-out-default-335,N.A.(0/1)
plistutil-out-default-342,N.A.(0/1)
plistutil-out-limd-299,N.A.(0/1)
plistutil-out-limd-302,N.A.(0/1)
plistutil-out-limd-305,N.A.(0/1)
plistutil-out-limd-308,N.A.(0/1)
plistutil-out-limd-340,N.A.(0/1)
plistutil-out-limd-419,N.A.(0/1)
plistutil-out-plutil-326,N.A.(0/1)
plistutil-out-plutil-435,N.A.(0/1)
plistutil-ptrarray-49,N.A.(0/1)
plistutil-xplist-286,N.A.(0/1)
plistutil-xplist-293,N.A.(0/1)
plistutil-xplist-303,N.A.(0/1)
plistutil-xplist-304,N.A.(0/1)
plistutil-xplist-315,N.A.(0/1)
plistutil-xplist-476,N.A.(0/1)
plistutil-xplist-478,N.A.(0/1)
plistutil-xplist-516,N.A.(0/1)
plistutil-xplist-566,N.A.(0/1)
plistutil-xplist-932,N.A.(0/1)
plistutil-xplist-1087,N.A.(0/1)
